tool_name,total_false_negatives,packages_with_classifications,packages_without_classifications,classification_coverage_percentage
sap_RF,2291,2086,205,91.05194238323875
packj_static,84,78,6,92.85714285714286
sap_DT,2332,2124,208,91.08061749571183
ossgadget,564,497,67,88.12056737588652
genie,3583,3326,257,92.82723974323193
packj_trace,83,77,6,92.7710843373494
sap_XGB,1163,1005,158,86.41444539982803
guarddog,688,611,77,88.80813953488372
